<?xml version="1.0" encoding="utf-8"?>
<ApplicationInstallerManifest>
   <DefaultInstallationDirectory>/Applications/Mandelbrot_Set/</DefaultInstallationDirectory>
   <ApplicationName>Mandelbrot_Set</ApplicationName>
   <ExecutableName>application/Mandelbrot_Set.exe</ExecutableName>
   <GUID>d6db1417-870c-4b71-ad38-88e4f9c31172</GUID>
   <ApplicationIcon>icon_48.png</ApplicationIcon>
   <Logo>logo1290871138068812187.tmp</Logo>
   <Version>1.0</Version>
   <InstallationNotes>In the following directions, replace MR/v97 by the directory on the target machine where MATLAB is installed, or MR by the directory where the MATLAB Runtime is installed.

If the environment variable DYLD_LIBRARY_PATH is undefined, set it to the following string:

MR/v97/runtime/maci64:MR/v97/sys/os/maci64:MR/v97/bin/maci64

If it is defined, set it to the following:

${DYLD_LIBRARY_PATH}:MR/v97/runtime/maci64:MR/v97/sys/os/maci64:MR/v97/bin/maci64
</InstallationNotes>
   <WelcomePanelText>Mandelbrot_Set 1.0
Mahmoud Abdelghany
mahmoud.abdelghany@gmail.com</WelcomePanelText>
   <MCRProducts>
      <MCRProduct>
         <ExternalProductIdentifier>35000</ExternalProductIdentifier>
      </MCRProduct>
      <MCRProduct>
         <ExternalProductIdentifier>35010</ExternalProductIdentifier>
      </MCRProduct>
   </MCRProducts>
</ApplicationInstallerManifest>